Name;Description;CAPEC ID
T-O-RAN-01;enterprise-attack;An attacker exploits insecure designs or lack of adaption in O-RAN components;CAPEC-681
T-O-RAN-01;enterprise-attack;An attacker exploits insecure designs or lack of adaption in O-RAN components;CAPEC-534
T-O-RAN-01;enterprise-attack;An attacker exploits insecure designs or lack of adaption in O-RAN components;CAPEC-113
T-O-RAN-01;enterprise-attack;An attacker exploits insecure designs or lack of adaption in O-RAN components;CAPEC-88
T-O-RAN-01;enterprise-attack;An attacker exploits insecure designs or lack of adaption in O-RAN components;CAPEC-537
T-O-RAN-01;enterprise-attack;An attacker exploits insecure designs or lack of adaption in O-RAN components;CAPEC-679
T-O-RAN-01;enterprise-attack;An attacker exploits insecure designs or lack of adaption in O-RAN components;CAPEC-310
T-O-RAN-02;enterprise-attack;An attacker exploits misconfigured or poorly configured O-RAN components;CAPEC-679
T-O-RAN-03;enterprise-attack;Attacks from the internet to penetrate O-RAN network boundary;TCP Flood
